-- phpMyAdmin SQL Dump
-- version 4.5.1
-- http://www.phpmyadmin.net
--
-- Host: 127.0.0.1
-- Generation Time: Dec 19, 2016 at 02:47 AM
-- Server version: 10.1.13-MariaDB
-- PHP Version: 5.5.37

SET SQL_MODE = "NO_AUTO_VALUE_ON_ZERO";
SET time_zone = "+00:00";


/*!40101 SET @OLD_CHARACTER_SET_CLIENT=@@CHARACTER_SET_CLIENT */;
/*!40101 SET @OLD_CHARACTER_SET_RESULTS=@@CHARACTER_SET_RESULTS */;
/*!40101 SET @OLD_COLLATION_CONNECTION=@@COLLATION_CONNECTION */;
/*!40101 SET NAMES utf8mb4 */;

--
-- Database: `durable`
--

-- --------------------------------------------------------

--
-- Table structure for table `company`
--

CREATE TABLE `company` (
  `CMPCD` varchar(6) CHARACTER SET utf8 COLLATE utf8_bin NOT NULL,
  `CMPENAME` varchar(60) CHARACTER SET utf8 COLLATE utf8_bin DEFAULT NULL,
  `CMPLNAME` varchar(60) CHARACTER SET utf8 COLLATE utf8_bin DEFAULT NULL,
  `CMPEADDR` varchar(60) CHARACTER SET utf8 COLLATE utf8_bin DEFAULT NULL,
  `CMPLADDR` varchar(255) CHARACTER SET utf8 COLLATE utf8_bin DEFAULT NULL,
  `CMPTEL` varchar(10) CHARACTER SET utf8 COLLATE utf8_bin DEFAULT NULL,
  `CMPFAX` varchar(10) CHARACTER SET utf8 COLLATE utf8_bin DEFAULT NULL,
  `CMPUPDDAT` timestamp NOT NULL DEFAULT CURRENT_TIMESTAMP,
  `CMPUPDUSR` varchar(40) CHARACTER SET utf8 COLLATE utf8_bin NOT NULL DEFAULT '''INTITIAL'''
) ENGINE=InnoDB DEFAULT CHARSET=utf8;

--
-- Dumping data for table `company`
--

INSERT INTO `company` (`CMPCD`, `CMPENAME`, `CMPLNAME`, `CMPEADDR`, `CMPLADDR`, `CMPTEL`, `CMPFAX`, `CMPUPDDAT`, `CMPUPDUSR`) VALUES
('EPP', 'E Proplus Co.,Ltd.', 'บริษัท อีโปรพลัส จำกัด', '51/597,Moo 7, Lakhok, Muengpatoomthani, Patoomthani, 12000, ', '51/597 หมู่ที่ 7 ถนน', '(662) 9972', '(662) 9972', '0000-00-00 00:00:00', ''),
('EPro', 'e-Professional Co.,Ltd.', 'บริษัท อี โปรเฟสชั่นนัล จำกัด', '51/597,Moo 7, Lakhok, Muengpatoomthani, Patoomthani, 12000, ', '51/597 หมู่ที่ 7 ถนน', '(662)96270', '(662)96270', '0000-00-00 00:00:00', ''),
('HS', 'Hongson Software Co., Ltd.', 'บริษัท ฮ่องสอน ซอฟต์แวร์ จำกัด', '', '', '053-620-70', '053-620-70', '0000-00-00 00:00:00', ''),
('KK', 'Khonkaen Softtech Co., Ltd.', 'บริษัท ขอนแก่น ซอฟต์เทค จำกัด', '', '', '043-468-13', '043-468-13', '0000-00-00 00:00:00', ''),
('KSoft', 'K Soft Consulting Co.,Ltd.', 'บริษัท เคซอฟต์ คอนซัลติ้ง จำกัด', '51/597,Moo 7, Lakhok, Muengpatoomthani, Patoomthani, 12000, ', '51/597 หมู่ที่ 7 ถนน', '(662) 997-', '(662) 997-', '0000-00-00 00:00:00', ''),
('NSC', 'NSC Software Co., Ltd.', 'บริษัท เอ็นเอสซี ซอฟต์แวร์ จำกัด', '51/597,Moo 7, Lakhok, Muengpatoomthani, Patoomthani, 12000, ', '51/597 หมู่ที่ 7 ถนน', '(662) 9972', '(662) 9972', '0000-00-00 00:00:00', ''),
('RSS', 'Rangsit Soft Co., Ltd.', 'บริษัท รังสิต ซอฟต์ จำกัด', '51/597,Moo 7, Lakhok, Muengpatoomthani, Patoomthani, 12000, ', '51/597 หมู่ที่ 7 ถนน', '(662) 9972', '(662) 9972', '0000-00-00 00:00:00', ''),
('SI', 'Soft Square International Co,.ltd', 'บริษัท ซอฟต์สแควร์ อินเตอร์เนชั่นแนล จำกัด', '51/597,Moo 7, Lakhok, Muengpatoomthani, Patoomthani, 12000, ', '51/597 หมู่ที่ 7 ถนน', '(662) 9972', '(662) 9972', '0000-00-00 00:00:00', ''),
('SIC', 'Softinter Chiangrai Co., Ltd.', 'บริษัท ซอฟต์อินเตอร์ เชียงราย จำกัด', 'm.1 Tha Sut, Mueang Chiang Rai District, Chiang Rai 57100', '33 หมู่ที่ 1 ท่าสุด ', '053-913-10', '053-913-10', '0000-00-00 00:00:00', ''),
('SMS', 'Sam Mok Software Co., Ltd.', 'บริษัท สามหมอก ซอฟต์แวร์ จำกัด', '3, Padungmuaytor Rd., Mueng, Maehongson 58000', '3 ผดุงม่วยต่อ ตำบล จ', '053-620-70', '053-620-70', '0000-00-00 00:00:00', ''),
('SP', 'Soft Professional Co.,Ltd.', 'บริษัท ซอฟต์โปรเฟสชั่นแนล จำกัด', '', '', '', '', '0000-00-00 00:00:00', ''),
('SPT', 'Soft Plus Technologies Co.,Ltd.', 'บริษัท ซอฟต์พลัส เทคโนโลยี จำกัด', '51/597,Moo 7, Lakhok, Muengpatoomthani, Patoomthani, 12000, ', '51/597 หมู่ที่ 7 ถนน', '(662) 9972', '(662) 9972', '0000-00-00 00:00:00', ''),
('SS', 'Soft Square 1999 Co,.ltd', 'บริษัท ซอฟต์สแควร์ 1999 จำกัด', '51/597,Moo 7, Lakhok, Muengpatoomthani, Patoomthani, 12000, ', '51/597 หมู่ที่ 7 ถนน', '(662) 9972', '(662) 9972', '0000-00-00 00:00:00', '');

-- --------------------------------------------------------

--
-- Table structure for table `depdetail`
--

CREATE TABLE `depdetail` (
  `DPHHDR` int(6) NOT NULL COMMENT 'Depreciation Header ID',
  `DEPDTL` int(5) UNSIGNED NOT NULL COMMENT 'Depreciation Detail ID',
  `DEPMNT` int(2) NOT NULL COMMENT 'month',
  `DEPYEAR` int(4) NOT NULL COMMENT 'Year',
  `DRAID` int(5) NOT NULL,
  `DEPDAT` date NOT NULL,
  `DEPLASTCST` decimal(15,2) DEFAULT NULL,
  `DEPLASTBV` decimal(15,2) DEFAULT NULL,
  `DEPLASTMNT` double DEFAULT NULL,
  `DEPCURMNT` double DEFAULT NULL,
  `DEPALLMNT` double DEFAULT NULL,
  `DEPACCDEPLAST` decimal(15,2) DEFAULT NULL,
  `DEPDEPPERMNT` decimal(15,2) DEFAULT NULL,
  `DEPACCDEPCUR` decimal(15,2) DEFAULT NULL,
  `DEPACCDEPALL` decimal(15,2) DEFAULT NULL,
  `DEPBVCUR` decimal(15,2) DEFAULT NULL,
  `DEPCREDAT` timestamp(6) NOT NULL DEFAULT CURRENT_TIMESTAMP
) ;

--
-- Dumping data for table `depdetail`
--

INSERT INTO `depdetail` (`DPHHDR`, `DEPDTL`, `DEPMNT`, `DEPYEAR`, `DRAID`, `DEPDAT`, `DEPLASTCST`, `DEPLASTBV`, `DEPLASTMNT`, `DEPCURMNT`, `DEPALLMNT`, `DEPACCDEPLAST`, `DEPDEPPERMNT`, `DEPACCDEPCUR`, `DEPACCDEPALL`, `DEPBVCUR`, `DEPCREDAT`, `DEPCREUSR`, `DEPUPDDAT`, `DEPUPDUSR`) VALUES
(11, 153, 7, 2016, 1, '2013-08-01', '64000.00', '33066.67', 29, 7, 36, '30933.33', '1066.67', '7466.67', '38400.00', '25600.00', '2016-11-08 13:33:23.592281', NULL, '2016-11-08 13:33:23.592281', NULL),
(11, 154, 7, 2016, 2, '2013-08-01', '118000.00', '60966.67', 29, 7, 36, '57033.33', '1966.67', '13766.67', '70800.00', '47200.00', '2016-11-08 13:33:23.592281', NULL, '2016-11-08 13:33:23.592281', NULL),
(11, 155, 7, 2016, 3, '2013-08-01', '225000.00', '116250.00', 29, 7, 36, '108750.00', '3750.00', '26250.00', '135000.00', '90000.00', '2016-11-08 13:33:23.592281', NULL, '2016-11-08 13:33:23.592281', NULL),
(11, 156, 7, 2016, 4, '2013-08-01', '118000.00', '60966.67', 29, 7, 36, '57033.33', '1966.67', '13766.67', '70800.00', '47200.00', '2016-11-08 13:33:23.592281', NULL, '2016-11-08 13:33:23.592281', NULL),
(11, 157, 7, 2016, 5, '2013-08-01', '3299.00', '1704.48', 29, 7, 36, '1594.52', '54.98', '384.88', '1979.40', '1319.60', '2016-11-08 13:33:23.592281', NULL, '2016-11-08 13:33:23.592281', NULL),
(11, 158, 7, 2016, 6, '2013-08-01', '2470.00', '1276.17', 29, 7, 36, '1193.83', '41.17', '288.17', '1482.00', '988.00', '2016-11-08 13:33:23.592281', NULL, '2016-11-08 13:33:23.592281', NULL),
(11, 159, 7, 2016, 7, '2013-08-01', '29500.00', '15241.67', 29, 7, 36, '14258.33', '491.67', '3441.67', '17700.00', '11800.00', '2016-11-08 13:33:23.592281', NULL, '2016-11-08 13:33:23.592281', NULL),
(11, 160, 7, 2016, 8, '2013-08-01', '18600.00', '9610.00', 29, 7, 36, '8990.00', '310.00', '2170.00', '11160.00', '7440.00', '2016-11-08 13:33:23.592281', NULL, '2016-11-08 13:33:23.592281', NULL),
(11, 161, 7, 2016, 9, '2013-08-01', '15000.00', '7750.00', 29, 7, 36, '7250.00', '250.00', '1750.00', '9000.00', '6000.00', '2016-11-08 13:33:23.592281', NULL, '2016-11-08 13:33:23.592281', NULL),
(11, 162, 7, 2016, 10, '2013-08-01', '37580.00', '19416.33', 29, 7, 36, '18163.67', '626.33', '4384.33', '22548.00', '15032.00', '2016-11-08 13:33:23.592281', NULL, '2016-11-08 13:33:23.592281', NULL),
(11, 163, 7, 2016, 11, '2013-08-01', '8600.00', '4443.33', 29, 7, 36, '4156.67', '143.33', '1003.33', '5160.00', '3440.00', '2016-11-08 13:33:23.592281', NULL, '2016-11-08 13:33:23.592281', NULL),
(11, 164, 7, 2016, 12, '2013-08-30', '13290.00', '7088.00', 28, 7, 35, '6202.00', '221.50', '1550.50', '7752.50', '5537.50', '2016-11-08 13:33:23.592281', NULL, '2016-11-08 13:33:23.592281', NULL),
(11, 165, 7, 2016, 13, '2013-08-30', '60600.00', '32320.00', 28, 7, 35, '28280.00', '1010.00', '7070.00', '35350.00', '25250.00', '2016-11-08 13:33:23.592281', NULL, '2016-11-08 13:33:23.592281', NULL),
(11, 166, 7, 2016, 14, '2013-09-13', '151500.00', '80800.00', 28, 7, 35, '70700.00', '2525.00', '17675.00', '88375.00', '63125.00', '2016-11-08 13:33:23.592281', NULL, '2016-11-08 13:33:23.592281', NULL),
(11, 167, 7, 2016, 15, '2013-09-17', '11800.00', '6490.00', 27, 7, 34, '5310.00', '196.67', '1376.67', '6686.67', '5113.33', '2016-11-08 13:33:23.592281', NULL, '2016-11-08 13:33:23.592281', NULL),
(11, 168, 7, 2016, 16, '2013-10-31', '128400.00', '72760.00', 26, 7, 33, '55640.00', '2140.00', '14980.00', '70620.00', '57780.00', '2016-11-08 13:33:23.592281', NULL, '2016-11-08 13:33:23.592281', NULL),
(11, 169, 7, 2016, 17, '2013-11-28', '180000.00', '105000.00', 25, 7, 32, '75000.00', '3000.00', '21000.00', '96000.00', '84000.00', '2016-11-08 13:33:23.592281', NULL, '2016-11-08 13:33:23.592281', NULL),
(11, 170, 7, 2016, 18, '2014-03-25', '27000.00', '17550.00', 21, 7, 28, '9450.00', '450.00', '3150.00', '12600.00', '14400.00', '2016-11-08 13:33:23.592281', NULL, '2016-11-08 13:33:23.592281', NULL),
(11, 171, 7, 2016, 19, '2015-09-09', '23835.00', '22643.25', 3, 7, 10, '1191.75', '397.25', '2780.75', '3972.50', '19862.50', '2016-11-08 13:33:23.592281', NULL, '2016-11-08 13:33:23.592281', NULL),
(11, 172, 7, 2016, 20, '2015-10-15', '29000.00', '28033.33', 2, 7, 9, '966.67', '483.33', '3383.33', '4350.00', '24650.00', '2016-11-08 13:33:23.592281', NULL, '2016-11-08 13:33:23.592281', NULL),
(12, 173, 7, 2016, 21, '2013-07-08', '30600.00', '15300.00', 30, 7, 37, '15300.00', '510.00', '3570.00', '18870.00', '11730.00', '2016-11-08 13:33:23.592281', NULL, '2016-11-08 13:33:23.592281', NULL),
(12, 174, 7, 2016, 22, '2013-08-01', '16800.00', '8680.00', 29, 7, 36, '8120.00', '280.00', '1960.00', '10080.00', '6720.00', '2016-11-08 13:33:23.592281', NULL, '2016-11-08 13:33:23.592281', NULL),
(12, 175, 7, 2016, 23, '2013-08-01', '13920.00', '7192.00', 29, 7, 36, '6728.00', '232.00', '1624.00', '8352.00', '5568.00', '2016-11-08 13:33:23.592281', NULL, '2016-11-08 13:33:23.592281', NULL),
(12, 176, 7, 2016, 24, '2013-08-01', '9060.00', '4681.00', 29, 7, 36, '4379.00', '151.00', '1057.00', '5436.00', '3624.00', '2016-11-08 13:33:23.592281', NULL, '2016-11-08 13:33:23.592281', NULL),
(12, 177, 7, 2016, 25, '2013-08-29', '8800.00', '4693.33', 28, 7, 35, '4106.67', '146.67', '1026.67', '5133.33', '3666.67', '2016-11-08 13:33:23.592281', NULL, '2016-11-08 13:33:23.592281', NULL),
(12, 178, 7, 2016, 26, '2013-08-29', '7300.00', '3893.33', 28, 7, 35, '3406.67', '121.67', '851.67', '4258.33', '3041.67', '2016-11-08 13:33:23.592281', NULL, '2016-11-08 13:33:23.592281', NULL),
(12, 179, 7, 2016, 27, '2013-08-29', '57400.00', '30613.33', 28, 7, 35, '26786.67', '956.67', '6696.67', '33483.33', '23916.67', '2016-11-08 13:33:23.592281', NULL, '2016-11-08 13:33:23.592281', NULL),
(12, 180, 7, 2016, 28, '2013-09-01', '2200.00', '1173.33', 28, 7, 35, '1026.67', '36.67', '256.67', '1283.33', '916.67', '2016-11-08 13:33:23.592281', NULL, '2016-11-08 13:33:23.592281', NULL),
(12, 181, 7, 2016, 29, '2013-09-04', '27074.77', '14439.88', 28, 7, 35, '12634.89', '451.25', '3158.72', '15793.62', '11281.15', '2016-11-08 13:33:23.592281', NULL, '2016-11-08 13:33:23.592281', NULL),
(12, 182, 7, 2016, 30, '2013-09-25', '17424.00', '9583.20', 27, 7, 34, '7840.80', '290.40', '2032.80', '9873.60', '7550.40', '2016-11-08 13:33:23.592281', NULL, '2016-11-08 13:33:23.592281', NULL),
(21, 408, 8, 2016, 1, '2013-08-01', '64000.00', '25600.00', 29, 8, 37, '30933.33', '1066.67', '8533.33', '39466.67', '24533.33', '2016-12-18 16:27:47.210812', 'admin', '2016-12-18 16:27:47.210812', 'admin'),
(21, 409, 8, 2016, 2, '2013-08-01', '118000.00', '47200.00', 29, 8, 37, '57033.33', '1966.67', '15733.33', '72766.67', '45233.33', '2016-12-18 16:27:47.242348', 'admin', '2016-12-18 16:27:47.242348', 'admin'),
(21, 410, 8, 2016, 3, '2013-08-01', '225000.00', '90000.00', 29, 8, 37, '108750.00', '3750.00', '30000.00', '138750.00', '86250.00', '2016-12-18 16:27:47.271591', 'admin', '2016-12-18 16:27:47.271591', 'admin'),
(21, 411, 8, 2016, 4, '2013-08-01', '118000.00', '47200.00', 29, 8, 37, '57033.33', '1966.67', '15733.33', '72766.67', '45233.33', '2016-12-18 16:27:47.320367', 'admin', '2016-12-18 16:27:47.320367', 'admin'),
(21, 412, 8, 2016, 5, '2013-08-01', '3299.00', '1319.60', 29, 8, 37, '1594.52', '54.98', '439.87', '2034.38', '1264.62', '2016-12-18 16:27:47.349358', 'admin', '2016-12-18 16:27:47.349358', 'admin'),
(21, 413, 8, 2016, 6, '2013-08-01', '2470.00', '988.00', 29, 8, 37, '1193.83', '41.17', '329.33', '1523.17', '946.83', '2016-12-18 16:27:47.387209', 'admin', '2016-12-18 16:27:47.387209', 'admin'),
(21, 414, 8, 2016, 7, '2013-08-01', '29500.00', '11800.00', 29, 8, 37, '14258.33', '491.67', '3933.33', '18191.67', '11308.33', '2016-12-18 16:27:47.453213', 'admin', '2016-12-18 16:27:47.453213', 'admin'),
(21, 415, 8, 2016, 8, '2013-08-01', '18600.00', '7440.00', 29, 8, 37, '8990.00', '310.00', '2480.00', '11470.00', '7130.00', '2016-12-18 16:27:47.541239', 'admin', '2016-12-18 16:27:47.541239', 'admin'),
(21, 416, 8, 2016, 9, '2013-08-01', '15000.00', '6000.00', 29, 8, 37, '7250.00', '250.00', '2000.00', '9250.00', '5750.00', '2016-12-18 16:27:47.570240', 'admin', '2016-12-18 16:27:47.570240', 'admin'),
(21, 417, 8, 2016, 10, '2013-08-01', '37580.00', '15032.00', 29, 8, 37, '18163.67', '626.33', '5010.67', '23174.33', '14405.67', '2016-12-18 16:27:47.614779', 'admin', '2016-12-18 16:27:47.614779', 'admin'),
(21, 418, 8, 2016, 11, '2013-08-01', '8600.00', '3440.00', 29, 8, 37, '4156.67', '143.33', '1146.67', '5303.33', '3296.67', '2016-12-18 16:27:47.681329', 'admin', '2016-12-18 16:27:47.681329', 'admin'),
(21, 419, 8, 2016, 12, '2013-08-30', '13290.00', '5537.50', 28, 8, 36, '6202.00', '221.50', '1772.00', '7974.00', '5316.00', '2016-12-18 16:27:47.740871', 'admin', '2016-12-18 16:27:47.740871', 'admin'),
(21, 420, 8, 2016, 13, '2013-08-30', '60600.00', '25250.00', 28, 8, 36, '28280.00', '1010.00', '8080.00', '36360.00', '24240.00', '2016-12-18 16:27:47.818423', 'admin', '2016-12-18 16:27:47.818423', 'admin'),
(21, 421, 8, 2016, 14, '2013-09-13', '151500.00', '63125.00', 28, 8, 36, '70700.00', '2525.00', '20200.00', '90900.00', '60600.00', '2016-12-18 16:27:47.847444', 'admin', '2016-12-18 16:27:47.847444', 'admin'),
(21, 422, 8, 2016, 15, '2013-09-17', '11800.00', '5113.33', 27, 8, 35, '5310.00', '196.67', '1573.33', '6883.33', '4916.67', '2016-12-18 16:27:47.895978', 'admin', '2016-12-18 16:27:47.895978', 'admin'),
(21, 423, 8, 2016, 16, '2013-10-31', '128400.00', '57780.00', 26, 8, 34, '55640.00', '2140.00', '17120.00', '72760.00', '55640.00', '2016-12-18 16:27:47.925048', 'admin', '2016-12-18 16:27:47.925048', 'admin'),
(21, 424, 8, 2016, 17, '2013-11-28', '180000.00', '84000.00', 25, 8, 33, '75000.00', '3000.00', '24000.00', '99000.00', '81000.00', '2016-12-18 16:27:47.969067', 'admin', '2016-12-18 16:27:47.969067', 'admin'),
(21, 425, 8, 2016, 18, '2014-03-25', '27000.00', '14400.00', 21, 8, 29, '9450.00', '450.00', '3600.00', '13050.00', '13950.00', '2016-12-18 16:27:48.006593', 'admin', '2016-12-18 16:27:48.006593', 'admin'),
(21, 426, 8, 2016, 19, '2015-09-09', '23835.00', '19862.50', 3, 8, 11, '1191.75', '397.25', '3178.00', '4369.75', '19465.25', '2016-12-18 16:27:48.035614', 'admin', '2016-12-18 16:27:48.035614', 'admin'),
(21, 427, 8, 2016, 20, '2015-10-15', '29000.00', '24650.00', 2, 8, 10, '966.67', '483.33', '3866.67', '4833.33', '24166.67', '2016-12-18 16:27:48.080539', 'admin', '2016-12-18 16:27:48.080539', 'admin'),
(22, 428, 8, 2016, 21, '2013-07-08', '30600.00', '11730.00', 30, 8, 38, '15300.00', '510.00', '4080.00', '19380.00', '11220.00', '2016-12-18 16:28:11.413652', 'admin', '2016-12-18 16:28:11.413652', 'admin'),
(22, 429, 8, 2016, 22, '2013-08-01', '16800.00', '6720.00', 29, 8, 37, '8120.00', '280.00', '2240.00', '10360.00', '6440.00', '2016-12-18 16:28:11.459623', 'admin', '2016-12-18 16:28:11.459623', 'admin'),
(22, 430, 8, 2016, 23, '2013-08-01', '13920.00', '5568.00', 29, 8, 37, '6728.00', '232.00', '1856.00', '8584.00', '5336.00', '2016-12-18 16:28:11.526356', 'admin', '2016-12-18 16:28:11.526356', 'admin'),
(22, 431, 8, 2016, 24, '2013-08-01', '9060.00', '3624.00', 29, 8, 37, '4379.00', '151.00', '1208.00', '5587.00', '3473.00', '2016-12-18 16:28:11.563585', 'admin', '2016-12-18 16:28:11.563585', 'admin'),
(22, 432, 8, 2016, 25, '2013-08-29', '8800.00', '3666.67', 28, 8, 36, '4106.67', '146.67', '1173.33', '5280.00', '3520.00', '2016-12-18 16:28:11.618676', 'admin', '2016-12-18 16:28:11.618676', 'admin'),
(22, 433, 8, 2016, 26, '2013-08-29', '7300.00', '3041.67', 28, 8, 36, '3406.67', '121.67', '973.33', '4380.00', '2920.00', '2016-12-18 16:28:11.681057', 'admin', '2016-12-18 16:28:11.681057', 'admin'),
(22, 434, 8, 2016, 27, '2013-08-29', '57400.00', '23916.67', 28, 8, 36, '26786.67', '956.67', '7653.33', '34440.00', '22960.00', '2016-12-18 16:28:11.718659', 'admin', '2016-12-18 16:28:11.718659', 'admin'),
(22, 435, 8, 2016, 28, '2013-09-01', '2200.00', '916.67', 28, 8, 36, '1026.67', '36.67', '293.33', '1320.00', '880.00', '2016-12-18 16:28:11.747710', 'admin', '2016-12-18 16:28:11.747710', 'admin'),
(22, 436, 8, 2016, 29, '2013-09-04', '27074.77', '11281.15', 28, 8, 36, '12634.89', '451.25', '3609.97', '16244.86', '10829.91', '2016-12-18 16:28:11.814215', 'admin', '2016-12-18 16:28:11.814215', 'admin'),
(22, 437, 8, 2016, 30, '2013-09-25', '17424.00', '7550.40', 27, 8, 35, '7840.80', '290.40', '2323.20', '10164.00', '7260.00', '2016-12-18 16:28:11.880373', 'admin', '2016-12-18 16:28:11.880373', 'admin'),
(23, 438, 9, 2016, 1, '2013-08-01', '64000.00', '24533.33', 29, 9, 38, '30933.33', '1066.67', '9600.00', '40533.33', '23466.67', '2016-12-18 16:28:29.940358', 'admin', '2016-12-18 16:28:29.940358', 'admin'),
(23, 439, 9, 2016, 2, '2013-08-01', '118000.00', '45233.33', 29, 9, 38, '57033.33', '1966.67', '17700.00', '74733.33', '43266.67', '2016-12-18 16:28:29.995366', 'admin', '2016-12-18 16:28:29.995366', 'admin'),
(23, 440, 9, 2016, 3, '2013-08-01', '225000.00', '86250.00', 29, 9, 38, '108750.00', '3750.00', '33750.00', '142500.00', '82500.00', '2016-12-18 16:28:30.023925', 'admin', '2016-12-18 16:28:30.023925', 'admin'),
(23, 441, 9, 2016, 4, '2013-08-01', '118000.00', '45233.33', 29, 9, 38, '57033.33', '1966.67', '17700.00', '74733.33', '43266.67', '2016-12-18 16:28:30.079775', 'admin', '2016-12-18 16:28:30.079775', 'admin'),
(23, 442, 9, 2016, 5, '2013-08-01', '3299.00', '1264.62', 29, 9, 38, '1594.52', '54.98', '494.85', '2089.37', '1209.63', '2016-12-18 16:28:30.116532', 'admin', '2016-12-18 16:28:30.116532', 'admin'),
(23, 443, 9, 2016, 6, '2013-08-01', '2470.00', '946.83', 29, 9, 38, '1193.83', '41.17', '370.50', '1564.33', '905.67', '2016-12-18 16:28:30.172063', 'admin', '2016-12-18 16:28:30.172063', 'admin'),
(23, 444, 9, 2016, 7, '2013-08-01', '29500.00', '11308.33', 29, 9, 38, '14258.33', '491.67', '4425.00', '18683.33', '10816.67', '2016-12-18 16:28:30.227898', 'admin', '2016-12-18 16:28:30.227898', 'admin'),
(23, 445, 9, 2016, 8, '2013-08-01', '18600.00', '7130.00', 29, 9, 38, '8990.00', '310.00', '2790.00', '11780.00', '6820.00', '2016-12-18 16:28:30.316489', 'admin', '2016-12-18 16:28:30.316489', 'admin'),
(23, 446, 9, 2016, 9, '2013-08-01', '15000.00', '5750.00', 29, 9, 38, '7250.00', '250.00', '2250.00', '9500.00', '5500.00', '2016-12-18 16:28:30.426855', 'admin', '2016-12-18 16:28:30.426855', 'admin'),
(23, 447, 9, 2016, 10, '2013-08-01', '37580.00', '14405.67', 29, 9, 38, '18163.67', '626.33', '5637.00', '23800.67', '13779.33', '2016-12-18 16:28:30.455898', 'admin', '2016-12-18 16:28:30.455898', 'admin'),
(23, 448, 9, 2016, 11, '2013-08-01', '8600.00', '3296.67', 29, 9, 38, '4156.67', '143.33', '1290.00', '5446.67', '3153.33', '2016-12-18 16:28:30.493552', 'admin', '2016-12-18 16:28:30.493552', 'admin'),
(23, 449, 9, 2016, 12, '2013-08-30', '13290.00', '5316.00', 28, 9, 37, '6202.00', '221.50', '1993.50', '8195.50', '5094.50', '2016-12-18 16:28:30.540608', 'admin', '2016-12-18 16:28:30.540608', 'admin'),
(23, 450, 9, 2016, 13, '2013-08-30', '60600.00', '24240.00', 28, 9, 37, '28280.00', '1010.00', '9090.00', '37370.00', '23230.00', '2016-12-18 16:28:30.581727', 'admin', '2016-12-18 16:28:30.581727', 'admin'),
(23, 451, 9, 2016, 14, '2013-09-13', '151500.00', '60600.00', 28, 9, 37, '70700.00', '2525.00', '22725.00', '93425.00', '58075.00', '2016-12-18 16:28:30.611526', 'admin', '2016-12-18 16:28:30.611526', 'admin'),
(23, 452, 9, 2016, 15, '2013-09-17', '11800.00', '4916.67', 27, 9, 36, '5310.00', '196.67', '1770.00', '7080.00', '4720.00', '2016-12-18 16:28:30.648575', 'admin', '2016-12-18 16:28:30.648575', 'admin'),
(23, 453, 9, 2016, 16, '2013-10-31', '128400.00', '55640.00', 26, 9, 35, '55640.00', '2140.00', '19260.00', '74900.00', '53500.00', '2016-12-18 16:28:30.677542', 'admin', '2016-12-18 16:28:30.677542', 'admin'),
(23, 454, 9, 2016, 17, '2013-11-28', '180000.00', '81000.00', 25, 9, 34, '75000.00', '3000.00', '27000.00', '102000.00', '78000.00', '2016-12-18 16:28:30.714536', 'admin', '2016-12-18 16:28:30.714536', 'admin'),
(23, 455, 9, 2016, 18, '2014-03-25', '27000.00', '13950.00', 21, 9, 30, '9450.00', '450.00', '4050.00', '13500.00', '13500.00', '2016-12-18 16:28:30.744053', 'admin', '2016-12-18 16:28:30.744053', 'admin'),
(23, 456, 9, 2016, 19, '2015-09-09', '23835.00', '19465.25', 3, 9, 12, '1191.75', '397.25', '3575.25', '4767.00', '19068.00', '2016-12-18 16:28:30.780925', 'admin', '2016-12-18 16:28:30.780925', 'admin'),
(23, 457, 9, 2016, 20, '2015-10-15', '29000.00', '24166.67', 2, 9, 11, '966.67', '483.33', '4350.00', '5316.67', '23683.33', '2016-12-18 16:28:30.810412', 'admin', '2016-12-18 16:28:30.810412', 'admin'),
(24, 458, 9, 2016, 21, '2013-07-08', '30600.00', '11220.00', 30, 9, 39, '15300.00', '510.00', '4590.00', '19890.00', '10710.00', '2016-12-18 16:28:39.704535', 'admin', '2016-12-18 16:28:39.704535', 'admin'),
(24, 459, 9, 2016, 22, '2013-08-01', '16800.00', '6440.00', 29, 9, 38, '8120.00', '280.00', '2520.00', '10640.00', '6160.00', '2016-12-18 16:28:39.732574', 'admin', '2016-12-18 16:28:39.732574', 'admin'),
(24, 460, 9, 2016, 23, '2013-08-01', '13920.00', '5336.00', 29, 9, 38, '6728.00', '232.00', '2088.00', '8816.00', '5104.00', '2016-12-18 16:28:39.770209', 'admin', '2016-12-18 16:28:39.770209', 'admin'),
(24, 461, 9, 2016, 24, '2013-08-01', '9060.00', '3473.00', 29, 9, 38, '4379.00', '151.00', '1359.00', '5738.00', '3322.00', '2016-12-18 16:28:39.821057', 'admin', '2016-12-18 16:28:39.821057', 'admin'),
(24, 462, 9, 2016, 25, '2013-08-29', '8800.00', '3520.00', 28, 9, 37, '4106.67', '146.67', '1320.00', '5426.67', '3373.33', '2016-12-18 16:28:39.858614', 'admin', '2016-12-18 16:28:39.858614', 'admin'),
(24, 463, 9, 2016, 26, '2013-08-29', '7300.00', '2920.00', 28, 9, 37, '3406.67', '121.67', '1095.00', '4501.67', '2798.33', '2016-12-18 16:28:39.887461', 'admin', '2016-12-18 16:28:39.887461', 'admin'),
(24, 464, 9, 2016, 27, '2013-08-29', '57400.00', '22960.00', 28, 9, 37, '26786.67', '956.67', '8610.00', '35396.67', '22003.33', '2016-12-18 16:28:39.924824', 'admin', '2016-12-18 16:28:39.924824', 'admin'),
(24, 465, 9, 2016, 28, '2013-09-01', '2200.00', '880.00', 28, 9, 37, '1026.67', '36.67', '330.00', '1356.67', '843.33', '2016-12-18 16:28:39.954413', 'admin', '2016-12-18 16:28:39.954413', 'admin'),
(24, 466, 9, 2016, 29, '2013-09-04', '27074.77', '10829.91', 28, 9, 37, '12634.89', '451.25', '4061.22', '16696.11', '10378.66', '2016-12-18 16:28:40.019908', 'admin', '2016-12-18 16:28:40.019908', 'admin'),
(24, 467, 9, 2016, 30, '2013-09-25', '17424.00', '7260.00', 27, 9, 36, '7840.80', '290.40', '2613.60', '10454.40', '6969.60', '2016-12-18 16:28:40.064940', 'admin', '2016-12-18 16:28:40.064940', 'admin'),
(25, 468, 10, 2016, 1, '2013-08-01', '64000.00', '23466.67', 29, 10, 39, '30933.33', '1066.67', '10666.67', '41600.00', '22400.00', '2016-12-18 16:29:31.596697', 'admin', '2016-12-18 16:29:31.596697', 'admin'),
(25, 469, 10, 2016, 2, '2013-08-01', '118000.00', '43266.67', 29, 10, 39, '57033.33', '1966.67', '19666.67', '76700.00', '41300.00', '2016-12-18 16:29:31.633509', 'admin', '2016-12-18 16:29:31.633509', 'admin'),
(25, 470, 10, 2016, 3, '2013-08-01', '225000.00', '82500.00', 29, 10, 39, '108750.00', '3750.00', '37500.00', '146250.00', '78750.00', '2016-12-18 16:29:31.662219', 'admin', '2016-12-18 16:29:31.662219', 'admin'),
(25, 471, 10, 2016, 4, '2013-08-01', '118000.00', '43266.67', 29, 10, 39, '57033.33', '1966.67', '19666.67', '76700.00', '41300.00', '2016-12-18 16:29:31.699426', 'admin', '2016-12-18 16:29:31.699426', 'admin'),
(25, 472, 10, 2016, 5, '2013-08-01', '3299.00', '1209.63', 29, 10, 39, '1594.52', '54.98', '549.83', '2144.35', '1154.65', '2016-12-18 16:29:31.728084', 'admin', '2016-12-18 16:29:31.728084', 'admin'),
(25, 473, 10, 2016, 6, '2013-08-01', '2470.00', '905.67', 29, 10, 39, '1193.83', '41.17', '411.67', '1605.50', '864.50', '2016-12-18 16:29:31.766131', 'admin', '2016-12-18 16:29:31.766131', 'admin'),
(25, 474, 10, 2016, 7, '2013-08-01', '29500.00', '10816.67', 29, 10, 39, '14258.33', '491.67', '4916.67', '19175.00', '10325.00', '2016-12-18 16:29:31.794964', 'admin', '2016-12-18 16:29:31.794964', 'admin'),
(25, 475, 10, 2016, 8, '2013-08-01', '18600.00', '6820.00', 29, 10, 39, '8990.00', '310.00', '3100.00', '12090.00', '6510.00', '2016-12-18 16:29:31.832323', 'admin', '2016-12-18 16:29:31.832323', 'admin'),
(25, 476, 10, 2016, 9, '2013-08-01', '15000.00', '5500.00', 29, 10, 39, '7250.00', '250.00', '2500.00', '9750.00', '5250.00', '2016-12-18 16:29:31.861027', 'admin', '2016-12-18 16:29:31.861027', 'admin'),
(25, 477, 10, 2016, 10, '2013-08-01', '37580.00', '13779.33', 29, 10, 39, '18163.67', '626.33', '6263.33', '24427.00', '13153.00', '2016-12-18 16:29:31.898842', 'admin', '2016-12-18 16:29:31.898842', 'admin'),
(25, 478, 10, 2016, 11, '2013-08-01', '8600.00', '3153.33', 29, 10, 39, '4156.67', '143.33', '1433.33', '5590.00', '3010.00', '2016-12-18 16:29:31.926877', 'admin', '2016-12-18 16:29:31.926877', 'admin'),
(25, 479, 10, 2016, 12, '2013-08-30', '13290.00', '5094.50', 28, 10, 38, '6202.00', '221.50', '2215.00', '8417.00', '4873.00', '2016-12-18 16:29:31.965187', 'admin', '2016-12-18 16:29:31.965187', 'admin'),
(25, 480, 10, 2016, 13, '2013-08-30', '60600.00', '23230.00', 28, 10, 38, '28280.00', '1010.00', '10100.00', '38380.00', '22220.00', '2016-12-18 16:29:31.993971', 'admin', '2016-12-18 16:29:31.993971', 'admin'),
(25, 481, 10, 2016, 14, '2013-09-13', '151500.00', '58075.00', 28, 10, 38, '70700.00', '2525.00', '25250.00', '95950.00', '55550.00', '2016-12-18 16:29:32.043358', 'admin', '2016-12-18 16:29:32.043358', 'admin'),
(25, 482, 10, 2016, 15, '2013-09-17', '11800.00', '4720.00', 27, 10, 37, '5310.00', '196.67', '1966.67', '7276.67', '4523.33', '2016-12-18 16:29:32.120655', 'admin', '2016-12-18 16:29:32.120655', 'admin'),
(25, 483, 10, 2016, 16, '2013-10-31', '128400.00', '53500.00', 26, 10, 36, '55640.00', '2140.00', '21400.00', '77040.00', '51360.00', '2016-12-18 16:29:32.186616', 'admin', '2016-12-18 16:29:32.186616', 'admin'),
(25, 484, 10, 2016, 17, '2013-11-28', '180000.00', '78000.00', 25, 10, 35, '75000.00', '3000.00', '30000.00', '105000.00', '75000.00', '2016-12-18 16:29:32.215252', 'admin', '2016-12-18 16:29:32.215252', 'admin'),
(25, 485, 10, 2016, 18, '2014-03-25', '27000.00', '13500.00', 21, 10, 31, '9450.00', '450.00', '4500.00', '13950.00', '13050.00', '2016-12-18 16:29:32.253079', 'admin', '2016-12-18 16:29:32.253079', 'admin'),
(25, 486, 10, 2016, 19, '2015-09-09', '23835.00', '19068.00', 3, 10, 13, '1191.75', '397.25', '3972.50', '5164.25', '18670.75', '2016-12-18 16:29:32.282056', 'admin', '2016-12-18 16:29:32.282056', 'admin'),
(25, 487, 10, 2016, 20, '2015-10-15', '29000.00', '23683.33', 2, 10, 12, '966.67', '483.33', '4833.33', '5800.00', '23200.00', '2016-12-18 16:29:32.319973', 'admin', '2016-12-18 16:29:32.319973', 'admin'),
(26, 488, 10, 2016, 21, '2013-07-08', '30600.00', '10710.00', 30, 10, 40, '15300.00', '510.00', '5100.00', '20400.00', '10200.00', '2016-12-18 16:29:38.147089', 'admin', '2016-12-18 16:29:38.147089', 'admin'),
(26, 489, 10, 2016, 22, '2013-08-01', '16800.00', '6160.00', 29, 10, 39, '8120.00', '280.00', '2800.00', '10920.00', '5880.00', '2016-12-18 16:29:38.209110', 'admin', '2016-12-18 16:29:38.209110', 'admin'),
(26, 490, 10, 2016, 23, '2013-08-01', '13920.00', '5104.00', 29, 10, 39, '6728.00', '232.00', '2320.00', '9048.00', '4872.00', '2016-12-18 16:29:38.237677', 'admin', '2016-12-18 16:29:38.237677', 'admin'),
(26, 491, 10, 2016, 24, '2013-08-01', '9060.00', '3322.00', 29, 10, 39, '4379.00', '151.00', '1510.00', '5889.00', '3171.00', '2016-12-18 16:29:38.275645', 'admin', '2016-12-18 16:29:38.275645', 'admin'),
(26, 492, 10, 2016, 25, '2013-08-29', '8800.00', '3373.33', 28, 10, 38, '4106.67', '146.67', '1466.67', '5573.33', '3226.67', '2016-12-18 16:29:38.326831', 'admin', '2016-12-18 16:29:38.326831', 'admin'),
(26, 493, 10, 2016, 26, '2013-08-29', '7300.00', '2798.33', 28, 10, 38, '3406.67', '121.67', '1216.67', '4623.33', '2676.67', '2016-12-18 16:29:38.403732', 'admin', '2016-12-18 16:29:38.403732', 'admin'),
(26, 494, 10, 2016, 27, '2013-08-29', '57400.00', '22003.33', 28, 10, 38, '26786.67', '956.67', '9566.67', '36353.33', '21046.67', '2016-12-18 16:29:38.442052', 'admin', '2016-12-18 16:29:38.442052', 'admin'),
(26, 495, 10, 2016, 28, '2013-09-01', '2200.00', '843.33', 28, 10, 38, '1026.67', '36.67', '366.67', '1393.33', '806.67', '2016-12-18 16:29:38.470457', 'admin', '2016-12-18 16:29:38.470457', 'admin'),
(26, 496, 10, 2016, 29, '2013-09-04', '27074.77', '10378.66', 28, 10, 38, '12634.89', '451.25', '4512.46', '17147.35', '9927.42', '2016-12-18 16:29:38.508111', 'admin', '2016-12-18 16:29:38.508111', 'admin'),
(26, 497, 10, 2016, 30, '2013-09-25', '17424.00', '6969.60', 27, 10, 37, '7840.80', '290.40', '2904.00', '10744.80', '6679.20', '2016-12-18 16:29:38.536583', 'admin', '2016-12-18 16:29:38.536583', 'admin'),
(27, 498, 11, 2016, 1, '2013-08-01', '64000.00', '22400.00', 29, 11, 40, '30933.33', '1066.67', '11733.33', '42666.67', '21333.33', '2016-12-18 16:29:46.136796', 'admin', '2016-12-18 16:29:46.136796', 'admin'),
(27, 499, 11, 2016, 2, '2013-08-01', '118000.00', '41300.00', 29, 11, 40, '57033.33', '1966.67', '21633.33', '78666.67', '39333.33', '2016-12-18 16:29:46.168696', 'admin', '2016-12-18 16:29:46.168696', 'admin'),
(27, 500, 11, 2016, 3, '2013-08-01', '225000.00', '78750.00', 29, 11, 40, '108750.00', '3750.00', '41250.00', '150000.00', '75000.00', '2016-12-18 16:29:46.196869', 'admin', '2016-12-18 16:29:46.196869', 'admin'),
(27, 501, 11, 2016, 4, '2013-08-01', '118000.00', '41300.00', 29, 11, 40, '57033.33', '1966.67', '21633.33', '78666.67', '39333.33', '2016-12-18 16:29:46.235187', 'admin', '2016-12-18 16:29:46.235187', 'admin'),
(27, 502, 11, 2016, 5, '2013-08-01', '3299.00', '1154.65', 29, 11, 40, '1594.52', '54.98', '604.82', '2199.33', '1099.67', '2016-12-18 16:29:46.263523', 'admin', '2016-12-18 16:29:46.263523', 'admin'),
(27, 503, 11, 2016, 6, '2013-08-01', '2470.00', '864.50', 29, 11, 40, '1193.83', '41.17', '452.83', '1646.67', '823.33', '2016-12-18 16:29:46.301616', 'admin', '2016-12-18 16:29:46.301616', 'admin'),
(27, 504, 11, 2016, 7, '2013-08-01', '29500.00', '10325.00', 29, 11, 40, '14258.33', '491.67', '5408.33', '19666.67', '9833.33', '2016-12-18 16:29:46.329487', 'admin', '2016-12-18 16:29:46.329487', 'admin'),
(27, 505, 11, 2016, 8, '2013-08-01', '18600.00', '6510.00', 29, 11, 40, '8990.00', '310.00', '3410.00', '12400.00', '6200.00', '2016-12-18 16:29:46.367517', 'admin', '2016-12-18 16:29:46.367517', 'admin'),
(27, 506, 11, 2016, 9, '2013-08-01', '15000.00', '5250.00', 29, 11, 40, '7250.00', '250.00', '2750.00', '10000.00', '5000.00', '2016-12-18 16:29:46.396242', 'admin', '2016-12-18 16:29:46.396242', 'admin'),
(27, 507, 11, 2016, 10, '2013-08-01', '37580.00', '13153.00', 29, 11, 40, '18163.67', '626.33', '6889.67', '25053.33', '12526.67', '2016-12-18 16:29:46.434434', 'admin', '2016-12-18 16:29:46.434434', 'admin'),
(27, 508, 11, 2016, 11, '2013-08-01', '8600.00', '3010.00', 29, 11, 40, '4156.67', '143.33', '1576.67', '5733.33', '2866.67', '2016-12-18 16:29:46.462293', 'admin', '2016-12-18 16:29:46.462293', 'admin'),
(27, 509, 11, 2016, 12, '2013-08-30', '13290.00', '4873.00', 28, 11, 39, '6202.00', '221.50', '2436.50', '8638.50', '4651.50', '2016-12-18 16:29:46.500854', 'admin', '2016-12-18 16:29:46.500854', 'admin'),
(27, 510, 11, 2016, 13, '2013-08-30', '60600.00', '22220.00', 28, 11, 39, '28280.00', '1010.00', '11110.00', '39390.00', '21210.00', '2016-12-18 16:29:46.578203', 'admin', '2016-12-18 16:29:46.578203', 'admin'),
(27, 511, 11, 2016, 14, '2013-09-13', '151500.00', '55550.00', 28, 11, 39, '70700.00', '2525.00', '27775.00', '98475.00', '53025.00', '2016-12-18 16:29:46.644409', 'admin', '2016-12-18 16:29:46.644409', 'admin'),
(27, 512, 11, 2016, 15, '2013-09-17', '11800.00', '4523.33', 27, 11, 38, '5310.00', '196.67', '2163.33', '7473.33', '4326.67', '2016-12-18 16:29:46.700124', 'admin', '2016-12-18 16:29:46.700124', 'admin'),
(27, 513, 11, 2016, 16, '2013-10-31', '128400.00', '51360.00', 26, 11, 37, '55640.00', '2140.00', '23540.00', '79180.00', '49220.00', '2016-12-18 16:29:46.755279', 'admin', '2016-12-18 16:29:46.755279', 'admin'),
(27, 514, 11, 2016, 17, '2013-11-28', '180000.00', '75000.00', 25, 11, 36, '75000.00', '3000.00', '33000.00', '108000.00', '72000.00', '2016-12-18 16:29:46.783799', 'admin', '2016-12-18 16:29:46.783799', 'admin'),
(27, 515, 11, 2016, 18, '2014-03-25', '27000.00', '13050.00', 21, 11, 32, '9450.00', '450.00', '4950.00', '14400.00', '12600.00', '2016-12-18 16:29:46.821604', 'admin', '2016-12-18 16:29:46.821604', 'admin'),
(27, 516, 11, 2016, 19, '2015-09-09', '23835.00', '18670.75', 3, 11, 14, '1191.75', '397.25', '4369.75', '5561.50', '18273.50', '2016-12-18 16:29:46.864365', 'admin', '2016-12-18 16:29:46.864365', 'admin'),
(27, 517, 11, 2016, 20, '2015-10-15', '29000.00', '23200.00', 2, 11, 13, '966.67', '483.33', '5316.67', '6283.33', '22716.67', '2016-12-18 16:29:46.894938', 'admin', '2016-12-18 16:29:46.894938', 'admin'),
(28, 518, 11, 2016, 21, '2013-07-08', '30600.00', '10200.00', 30, 11, 41, '15300.00', '510.00', '5610.00', '20910.00', '9690.00', '2016-12-18 16:29:53.464042', 'admin', '2016-12-18 16:29:53.464042', 'admin'),
(28, 519, 11, 2016, 22, '2013-08-01', '16800.00', '5880.00', 29, 11, 40, '8120.00', '280.00', '3080.00', '11200.00', '5600.00', '2016-12-18 16:29:53.514599', 'admin', '2016-12-18 16:29:53.514599', 'admin'),
(28, 520, 11, 2016, 23, '2013-08-01', '13920.00', '4872.00', 29, 11, 40, '6728.00', '232.00', '2552.00', '9280.00', '4640.00', '2016-12-18 16:29:53.551993', 'admin', '2016-12-18 16:29:53.551993', 'admin'),
(28, 521, 11, 2016, 24, '2013-08-01', '9060.00', '3171.00', 29, 11, 40, '4379.00', '151.00', '1661.00', '6040.00', '3020.00', '2016-12-18 16:29:53.580768', 'admin', '2016-12-18 16:29:53.580768', 'admin'),
(28, 522, 11, 2016, 25, '2013-08-29', '8800.00', '3226.67', 28, 11, 39, '4106.67', '146.67', '1613.33', '5720.00', '3080.00', '2016-12-18 16:29:53.618417', 'admin', '2016-12-18 16:29:53.618417', 'admin'),
(28, 523, 11, 2016, 26, '2013-08-29', '7300.00', '2676.67', 28, 11, 39, '3406.67', '121.67', '1338.33', '4745.00', '2555.00', '2016-12-18 16:29:53.700958', 'admin', '2016-12-18 16:29:53.700958', 'admin'),
(28, 524, 11, 2016, 27, '2013-08-29', '57400.00', '21046.67', 28, 11, 39, '26786.67', '956.67', '10523.33', '37310.00', '20090.00', '2016-12-18 16:29:53.740597', 'admin', '2016-12-18 16:29:53.740597', 'admin'),
(28, 525, 11, 2016, 28, '2013-09-01', '2200.00', '806.67', 28, 11, 39, '1026.67', '36.67', '403.33', '1430.00', '770.00', '2016-12-18 16:29:53.769231', 'admin', '2016-12-18 16:29:53.769231', 'admin'),
(28, 526, 11, 2016, 29, '2013-09-04', '27074.77', '9927.42', 28, 11, 39, '12634.89', '451.25', '4963.71', '17598.60', '9476.17', '2016-12-18 16:29:53.807595', 'admin', '2016-12-18 16:29:53.807595', 'admin'),
(28, 527, 11, 2016, 30, '2013-09-25', '17424.00', '6679.20', 27, 11, 38, '7840.80', '290.40', '3194.40', '11035.20', '6388.80', '2016-12-18 16:29:53.835678', 'admin', '2016-12-18 16:29:53.835678', 'admin'),
(29, 528, 12, 2016, 1, '2013-08-01', '64000.00', '21333.33', 29, 12, 41, '30933.33', '1066.67', '12800.00', '43733.33', '20266.67', '2016-12-18 16:30:03.312577', 'admin', '2016-12-18 16:30:03.312577', 'admin'),
(29, 529, 12, 2016, 2, '2013-08-01', '118000.00', '39333.33', 29, 12, 41, '57033.33', '1966.67', '23600.00', '80633.33', '37366.67', '2016-12-18 16:30:03.382481', 'admin', '2016-12-18 16:30:03.382481', 'admin'),
(29, 530, 12, 2016, 3, '2013-08-01', '225000.00', '75000.00', 29, 12, 41, '108750.00', '3750.00', '45000.00', '153750.00', '71250.00', '2016-12-18 16:30:03.453550', 'admin', '2016-12-18 16:30:03.453550', 'admin'),
(29, 531, 12, 2016, 4, '2013-08-01', '118000.00', '39333.33', 29, 12, 41, '57033.33', '1966.67', '23600.00', '80633.33', '37366.67', '2016-12-18 16:30:03.521481', 'admin', '2016-12-18 16:30:03.521481', 'admin'),
(29, 532, 12, 2016, 5, '2013-08-01', '3299.00', '1099.67', 29, 12, 41, '1594.52', '54.98', '659.80', '2254.32', '1044.68', '2016-12-18 16:30:03.566107', 'admin', '2016-12-18 16:30:03.566107', 'admin'),
(29, 533, 12, 2016, 6, '2013-08-01', '2470.00', '823.33', 29, 12, 41, '1193.83', '41.17', '494.00', '1687.83', '782.17', '2016-12-18 16:30:03.632200', 'admin', '2016-12-18 16:30:03.632200', 'admin'),
(29, 534, 12, 2016, 7, '2013-08-01', '29500.00', '9833.33', 29, 12, 41, '14258.33', '491.67', '5900.00', '20158.33', '9341.67', '2016-12-18 16:30:03.687858', 'admin', '2016-12-18 16:30:03.687858', 'admin'),
(29, 535, 12, 2016, 8, '2013-08-01', '18600.00', '6200.00', 29, 12, 41, '8990.00', '310.00', '3720.00', '12710.00', '5890.00', '2016-12-18 16:30:03.737048', 'admin', '2016-12-18 16:30:03.737048', 'admin'),
(29, 536, 12, 2016, 9, '2013-08-01', '15000.00', '5000.00', 29, 12, 41, '7250.00', '250.00', '3000.00', '10250.00', '4750.00', '2016-12-18 16:30:03.803286', 'admin', '2016-12-18 16:30:03.803286', 'admin'),
(29, 537, 12, 2016, 10, '2013-08-01', '37580.00', '12526.67', 29, 12, 41, '18163.67', '626.33', '7516.00', '25679.67', '11900.33', '2016-12-18 16:30:03.869408', 'admin', '2016-12-18 16:30:03.869408', 'admin'),
(29, 538, 12, 2016, 11, '2013-08-01', '8600.00', '2866.67', 29, 12, 41, '4156.67', '143.33', '1720.00', '5876.67', '2723.33', '2016-12-18 16:30:03.909102', 'admin', '2016-12-18 16:30:03.909102', 'admin'),
(29, 539, 12, 2016, 12, '2013-08-30', '13290.00', '4651.50', 28, 12, 40, '6202.00', '221.50', '2658.00', '8860.00', '4430.00', '2016-12-18 16:30:03.958280', 'admin', '2016-12-18 16:30:03.958280', 'admin'),
(29, 540, 12, 2016, 13, '2013-08-30', '60600.00', '21210.00', 28, 12, 40, '28280.00', '1010.00', '12120.00', '40400.00', '20200.00', '2016-12-18 16:30:03.997817', 'admin', '2016-12-18 16:30:03.997817', 'admin'),
(29, 541, 12, 2016, 14, '2013-09-13', '151500.00', '53025.00', 28, 12, 40, '70700.00', '2525.00', '30300.00', '101000.00', '50500.00', '2016-12-18 16:30:04.035718', 'admin', '2016-12-18 16:30:04.035718', 'admin'),
(29, 542, 12, 2016, 15, '2013-09-17', '11800.00', '4326.67', 27, 12, 39, '5310.00', '196.67', '2360.00', '7670.00', '4130.00', '2016-12-18 16:30:04.091220', 'admin', '2016-12-18 16:30:04.091220', 'admin'),
(29, 543, 12, 2016, 16, '2013-10-31', '128400.00', '49220.00', 26, 12, 38, '55640.00', '2140.00', '25680.00', '81320.00', '47080.00', '2016-12-18 16:30:04.129870', 'admin', '2016-12-18 16:30:04.129870', 'admin'),
(29, 544, 12, 2016, 17, '2013-11-28', '180000.00', '72000.00', 25, 12, 37, '75000.00', '3000.00', '36000.00', '111000.00', '69000.00', '2016-12-18 16:30:04.168540', 'admin', '2016-12-18 16:30:04.168540', 'admin'),
(29, 545, 12, 2016, 18, '2014-03-25', '27000.00', '12600.00', 21, 12, 33, '9450.00', '450.00', '5400.00', '14850.00', '12150.00', '2016-12-18 16:30:04.207735', 'admin', '2016-12-18 16:30:04.207735', 'admin'),
(29, 546, 12, 2016, 19, '2015-09-09', '23835.00', '18273.50', 3, 12, 15, '1191.75', '397.25', '4767.00', '5958.75', '17876.25', '2016-12-18 16:30:04.246287', 'admin', '2016-12-18 16:30:04.246287', 'admin'),
(29, 547, 12, 2016, 20, '2015-10-15', '29000.00', '22716.67', 2, 12, 14, '966.67', '483.33', '5800.00', '6766.67', '22233.33', '2016-12-18 16:30:04.296546', 'admin', '2016-12-18 16:30:04.296546', 'admin'),
(30, 548, 12, 2016, 21, '2013-07-08', '30600.00', '9690.00', 30, 12, 42, '15300.00', '510.00', '6120.00', '21420.00', '9180.00', '2016-12-18 16:30:09.692352', 'admin', '2016-12-18 16:30:09.692352', 'admin'),
(30, 549, 12, 2016, 22, '2013-08-01', '16800.00', '5600.00', 29, 12, 41, '8120.00', '280.00', '3360.00', '11480.00', '5320.00', '2016-12-18 16:30:09.758474', 'admin', '2016-12-18 16:30:09.758474', 'admin'),
(30, 550, 12, 2016, 23, '2013-08-01', '13920.00', '4640.00', 29, 12, 41, '6728.00', '232.00', '2784.00', '9512.00', '4408.00', '2016-12-18 16:30:09.798000', 'admin', '2016-12-18 16:30:09.798000', 'admin'),
(30, 551, 12, 2016, 24, '2013-08-01', '9060.00', '3020.00', 29, 12, 41, '4379.00', '151.00', '1812.00', '6191.00', '2869.00', '2016-12-18 16:30:09.836531', 'admin', '2016-12-18 16:30:09.836531', 'admin'),
(30, 552, 12, 2016, 25, '2013-08-29', '8800.00', '3080.00', 28, 12, 40, '4106.67', '146.67', '1760.00', '5866.67', '2933.33', '2016-12-18 16:30:09.877559', 'admin', '2016-12-18 16:30:09.877559', 'admin'),
(30, 553, 12, 2016, 26, '2013-08-29', '7300.00', '2555.00', 28, 12, 40, '3406.67', '121.67', '1460.00', '4866.67', '2433.33', '2016-12-18 16:30:09.913989', 'admin', '2016-12-18 16:30:09.913989', 'admin'),
(30, 554, 12, 2016, 27, '2013-08-29', '57400.00', '20090.00', 28, 12, 40, '26786.67', '956.67', '11480.00', '38266.67', '19133.33', '2016-12-18 16:30:09.953517', 'admin', '2016-12-18 16:30:09.953517', 'admin'),
(30, 555, 12, 2016, 28, '2013-09-01', '2200.00', '770.00', 28, 12, 40, '1026.67', '36.67', '440.00', '1466.67', '733.33', '2016-12-18 16:30:09.991545', 'admin', '2016-12-18 16:30:09.991545', 'admin'),
(30, 556, 12, 2016, 29, '2013-09-04', '27074.77', '9476.17', 28, 12, 40, '12634.89', '451.25', '5414.95', '18049.85', '9024.92', '2016-12-18 16:30:10.030507', 'admin', '2016-12-18 16:30:10.030507', 'admin'),
(30, 557, 12, 2016, 30, '2013-09-25', '17424.00', '6388.80', 27, 12, 39, '7840.80', '290.40', '3484.80', '11325.60', '6098.40', '2016-12-18 16:30:10.086507', 'admin', '2016-12-18 16:30:10.086507', 'admin');

-- --------------------------------------------------------

--
-- Table structure for table `depheader`
--

CREATE TABLE `depheader` (
  `DPHHDR` int(6) NOT NULL,
  `CMPCD` varchar(6) NOT NULL,
  `DPHCATE` varchar(1) NOT NULL,
  `DPHMNT` int(2) NOT NULL,
  `DPHYEAR` int(4) NOT NULL,
  `DPHSUMDEP` decimal(10,2) NOT NULL COMMENT 'sum of depreciation',
  `DPHCREDAT` timestamp NOT NULL DEFAULT CURRENT_TIMESTAMP,
  `DPHCREUSR` varchar(40) CHARACTER SET utf8 COLLATE utf8_bin NOT NULL DEFAULT '''INTITIAL''',
  `DPHUPDDAT` timestamp NOT NULL DEFAULT CURRENT_TIMESTAMP,
  `DPHUPDUSR` varchar(40) CHARACTER SET utf8 COLLATE utf8_bin NOT NULL DEFAULT '''INTITIAL'''
) ENGINE=InnoDB DEFAULT CHARSET=utf8;

--
-- Dumping data for table `depheader`
--

INSERT INTO `depheader` (`DPHHDR`, `CMPCD`, `DPHCATE`, `DPHMNT`, `DPHYEAR`, `DPHSUMDEP`, `DPHCREDAT`, `DPHCREUSR`, `DPHUPDDAT`, `DPHUPDUSR`) VALUES
(11, 'RSS', '1', 7, 2016, '21091.24', '2016-12-18 06:53:58', 'admin', '2016-12-18 06:53:58', 'admin'),
(12, 'RSS', '2', 7, 2016, '3176.33', '2016-12-18 06:53:58', 'admin', '2016-12-18 06:53:58', 'admin'),
(21, 'RSS', '1', 8, 2016, '21091.24', '2016-12-18 16:27:47', 'admin', '2016-12-18 16:27:47', 'admin'),
(22, 'RSS', '2', 8, 2016, '3176.33', '2016-12-18 16:28:11', 'admin', '2016-12-18 16:28:11', 'admin'),
(23, 'RSS', '1', 9, 2016, '21091.24', '2016-12-18 16:28:29', 'admin', '2016-12-18 16:28:29', 'admin'),
(24, 'RSS', '2', 9, 2016, '3176.33', '2016-12-18 16:28:39', 'admin', '2016-12-18 16:28:39', 'admin'),
(25, 'RSS', '1', 10, 2016, '21091.24', '2016-12-18 16:29:31', 'admin', '2016-12-18 16:29:31', 'admin'),
(26, 'RSS', '2', 10, 2016, '3176.33', '2016-12-18 16:29:38', 'admin', '2016-12-18 16:29:38', 'admin'),
(27, 'RSS', '1', 11, 2016, '21091.24', '2016-12-18 16:29:46', 'admin', '2016-12-18 16:29:46', 'admin'),
(28, 'RSS', '2', 11, 2016, '3176.33', '2016-12-18 16:29:53', 'admin', '2016-12-18 16:29:53', 'admin'),
(29, 'RSS', '1', 12, 2016, '21091.24', '2016-12-18 16:30:03', 'admin', '2016-12-18 16:30:03', 'admin'),
(30, 'RSS', '2', 12, 2016, '3176.33', '2016-12-18 16:30:09', 'admin', '2016-12-18 16:30:09', 'admin');

-- --------------------------------------------------------

--
-- Table structure for table `durablearticles`
--

CREATE TABLE `durablearticles` (
  `DRAID` int(5) UNSIGNED NOT NULL,
  `DRACD` varchar(10) CHARACTER SET utf8 COLLATE utf8_unicode_ci DEFAULT NULL,
  `CMPCD` varchar(6) CHARACTER SET utf8 COLLATE utf8_bin NOT NULL,
  `DRANAME` varchar(40) CHARACTER SET utf8 COLLATE utf8_unicode_ci NOT NULL,
  `DRAAMT` int(4) DEFAULT NULL,
  `DRATYP` varchar(1) CHARACTER SET utf8 COLLATE utf8_unicode_ci DEFAULT NULL,
  `DRADAT` date DEFAULT NULL,
  `DRARELDAT` date DEFAULT NULL,
  `DRAUNTPRC` decimal(10,2) DEFAULT NULL,
  `DRATOTPRC` decimal(10,2) NOT NULL,
  `DRASTAT` int(1) DEFAULT NULL,
  `DRADEPRT` int(2) DEFAULT NULL,
  `DRAACC` varchar(10) CHARACTER SET utf8 COLLATE utf8_unicode_ci DEFAULT NULL,
  `DRACREDAT` timestamp(6) NOT NULL DEFAULT CURRENT_TIMESTAMP
) ;

--
-- Dumping data for table `durablearticles`
--

INSERT INTO `durablearticles` (`DRAID`, `DRACD`, `CMPCD`, `DRANAME`, `DRAAMT`, `DRATYP`, `DRADAT`, `DRARELDAT`, `DRAUNTPRC`, `DRATOTPRC`, `DRASTAT`, `DRADEPRT`, `DRAACC`, `DRACREDAT`, `DRACREUSR`, `DRAUPDDAT`, `DRAUPDUSR`) VALUES
(1, '', 'RSS', 'Notebook DELL Latitude E6430', 2, '1', '2013-08-01', '2013-08-01', '32000.00', '64000.00', 0, 20, 'RN5608007', '2016-12-15 14:29:38.624050', NULL, '2016-12-15 14:29:38.624050', NULL),
(2, '', 'RSS', 'Notebook DELL Vostro 3460 BTX base', 4, '1', '2013-08-01', '2013-08-01', '29500.00', '118000.00', 0, 20, 'RN5608002', '2016-12-15 14:29:38.624050', NULL, '2016-12-15 14:29:38.624050', NULL),
(3, '', 'RSS', 'Server DELL TPM Moterboard R720', 2, '1', '2013-08-01', '2013-08-01', '112500.00', '225000.00', 0, 20, 'RN5608003', '2016-12-15 14:29:38.624050', NULL, '2016-12-15 14:29:38.624050', NULL),
(4, '', 'RSS', 'Notebook DELL Vostro 3460 BTX base', 4, '1', '2013-08-01', '2013-08-01', '29500.00', '118000.00', 0, 20, 'RN5608004', '2016-12-15 14:29:38.624050', NULL, '2016-12-15 14:29:38.624050', NULL),
(5, '', 'RSS', 'Monitor Dell E Series E1713S 17"', 1, '1', '2013-08-01', '2013-08-01', '3299.00', '3299.00', 0, 20, 'RN5608005', '2016-12-15 14:29:38.624050', NULL, '2016-12-15 14:29:38.624050', NULL),
(6, '', 'RSS', 'Kit Dell 96-key Server Keyboard ', 1, '1', '2013-08-01', '2013-08-01', '2470.00', '2470.00', 0, 20, 'RN5608005', '2016-12-15 14:29:38.624050', NULL, '2016-12-15 14:29:38.624050', NULL),
(7, '', 'RSS', 'Notebook DELL Vostro 3460 BTX base', 1, '1', '2013-08-01', '2013-08-01', '29500.00', '29500.00', 0, 20, 'RN5608006', '2016-12-15 14:29:38.624050', NULL, '2016-12-15 14:29:38.624050', NULL),
(8, '', 'RSS', 'Printer HP Laser Jet Pro M401 DN', 1, '1', '2013-08-01', '2013-08-01', '18600.00', '18600.00', 0, 20, 'RN5608008', '2016-12-15 14:29:38.624050', NULL, '2016-12-15 14:29:38.624050', NULL),
(9, '', 'RSS', 'LCD Projector SONY VPL-DX100', 1, '1', '2013-08-01', '2013-08-01', '15000.00', '15000.00', 0, 20, 'RN5608008', '2016-12-15 14:29:38.624050', NULL, '2016-12-15 14:29:38.624050', NULL),
(10, '', 'RSS', 'Notebook DELL Latitude 3330', 1, '1', '2013-08-01', '2013-08-01', '37580.00', '37580.00', 0, 20, 'RN5608009', '2016-12-15 14:29:38.624050', NULL, '2016-12-15 14:29:38.624050', NULL),
(11, '', 'RSS', 'Windows 8 Professional 64 Bit English OE', 1, '1', '2013-08-01', '2013-08-01', '8600.00', '8600.00', 0, 20, 'RN5608010', '2016-12-15 14:29:38.624050', NULL, '2016-12-15 14:29:38.624050', NULL),
(12, '', 'RSS', 'Windows 8 Professional 64 Bit English OE', 1, '1', '2013-08-30', '2013-08-30', '13290.00', '13290.00', 0, 20, 'RN5608016', '2016-12-15 14:29:38.624050', NULL, '2016-12-15 14:29:38.624050', NULL),
(13, '', 'RSS', 'Notebook DELL Latitude 3330', 3, '1', '2013-08-30', '2013-08-30', '20200.00', '60600.00', 0, 20, 'RN5608012', '2016-12-15 14:29:38.624050', NULL, '2016-12-15 14:29:38.624050', NULL),
(14, '', 'RSS', 'Notebook DELL Vostro 3460 BTX base', 5, '1', '2013-09-13', '2013-09-13', '30300.00', '151500.00', 0, 20, 'RN560902', '2016-12-15 14:29:38.624050', NULL, '2016-12-15 14:29:38.624050', NULL),
(15, '', 'RSS', 'Wireless Access Point ', 1, '1', '2013-09-17', '2013-09-17', '11800.00', '11800.00', 0, 20, 'RN5703002', '2016-12-15 14:29:38.624050', NULL, '2016-12-15 14:29:38.624050', NULL),
(16, '', 'RSS', 'Server DELL Power Edge T110', 2, '1', '2013-10-31', '2013-10-31', '64200.00', '128400.00', 0, 20, 'RN5610002', '2016-12-15 14:29:38.624050', NULL, '2016-12-15 14:29:38.624050', NULL),
(17, '', 'RSS', 'Server DELL Power Edge R720', 1, '1', '2013-11-28', '2013-11-28', '180000.00', '180000.00', 0, 20, 'RN10659102', '2016-12-15 14:29:38.624050', NULL, '2016-12-15 14:29:38.624050', NULL),
(18, '', 'RSS', 'Notebook Dell Latitude 3330 1 Unit', 1, '1', '2014-03-25', '2014-03-25', '27000.00', '27000.00', 0, 20, 'RN10659102', '2016-12-15 14:29:38.624050', NULL, '2016-12-15 14:29:38.624050', NULL),
(19, '', 'RSS', 'Notebook HP440G2', 1, '1', '2015-09-09', '2015-09-09', '23835.00', '23835.00', 0, 20, 'PORC201509', '2016-12-15 14:29:38.624050', NULL, '2016-12-15 14:29:38.624050', NULL),
(20, '', 'RSS', 'Notebook HP', 1, '1', '2015-10-15', '2015-10-15', '29000.00', '29000.00', 0, 20, 'PORC201510', '2016-12-15 14:29:38.624050', NULL, '2016-12-15 14:29:38.624050', NULL),
(21, '', 'RSS', 'โต๊ะพับหน้าขาว ', 12, '2', '2013-07-08', '2013-07-08', '2550.00', '30600.00', 0, 20, 'RN5607001', '2016-12-15 14:29:38.624050', NULL, '2016-12-15 14:29:38.624050', NULL),
(22, '', 'RSS', 'โต๊ะทำงาน 120*60*75 สีเทา', 4, '2', '2013-08-01', '2013-08-01', '4200.00', '16800.00', 0, 20, 'RN5608001', '2016-12-15 14:29:38.624050', NULL, '2016-12-15 14:29:38.624050', NULL),
(23, '', 'RSS', 'เก้าอี้ทำงานมีเท้าแขนหุ้มผ้า SL1RA-6F127', 4, '2', '2013-08-01', '2013-08-01', '3480.00', '13920.00', 0, 20, 'RB5608001', '2016-12-15 14:29:38.624050', NULL, '2016-12-15 14:29:38.624050', NULL),
(24, '', 'RSS', 'เก้าอี้ทำงานพนักพิงสูง M71-F127', 1, '2', '2013-08-01', '2013-08-01', '9060.00', '9060.00', 0, 20, 'RN5608001', '2016-12-15 14:29:38.624050', NULL, '2016-12-15 14:29:38.624050', NULL),
(25, '', 'RSS', 'โต๊ะทำงาน 120*60*75 สีเทา', 2, '2', '2013-08-29', '2013-08-29', '4400.00', '8800.00', 0, 20, 'RN5608014', '2016-12-15 14:29:38.624050', NULL, '2016-12-15 14:29:38.624050', NULL),
(26, '', 'RSS', 'เก้าอี้ทำงานมีเท้าแขนหุ้มผ้า SL1RA-6F127', 2, '2', '2013-08-29', '2013-08-29', '3650.00', '7300.00', 0, 20, 'RN5608014', '2016-12-15 14:29:38.624050', NULL, '2016-12-15 14:29:38.624050', NULL),
(27, '', 'RSS', 'เก้าอี้ประชุม ไม่มีเท้าแขน หุ้มผ้า F127', 20, '2', '2013-08-29', '2013-08-29', '2870.00', '57400.00', 0, 20, 'RN5608015', '2016-12-15 14:29:38.624050', NULL, '2016-12-15 14:29:38.624050', NULL),
(28, '', 'RSS', 'โทรศัพท์ AT-45 Tel Single line ', 4, '2', '2013-09-01', '2013-09-01', '550.00', '2200.00', 0, 20, 'PV1309003', '2016-12-15 14:29:38.624050', NULL, '2016-12-15 14:29:38.624050', NULL),
(29, '', 'RSS', 'กล้อง Handy camSONY HDRPJ660/PK2', 1, '2', '2013-09-04', '2013-09-04', '27074.77', '27074.77', 0, 20, 'PV1309001', '2016-12-15 14:29:38.624050', NULL, '2016-12-15 14:29:38.624050', NULL),
(30, '', 'RSS', 'ตู้โล่ง / 2บานเปิด 80*40*156 ', 3, '2', '2013-09-25', '2013-09-25', '5808.00', '17424.00', 0, 20, 'RN5609003', '2016-12-15 14:29:38.624050', NULL, '2016-12-15 14:29:38.624050', NULL);

-- --------------------------------------------------------

--
-- Table structure for table `room`
--

CREATE TABLE `room` (
  `ROOMCD` int(5) UNSIGNED NOT NULL,
  `ROOMNAME` varchar(40) COLLATE utf8_unicode_ci DEFAULT NULL,
  `ROOMCAPA` varchar(10) COLLATE utf8_unicode_ci DEFAULT NULL,
  `ROOMBUILD` varchar(1) COLLATE utf8_unicode_ci DEFAULT NULL,
  `ROOMFLOOR` varchar(1) COLLATE utf8_unicode_ci DEFAULT NULL,
  `ROOMBRANCH` varchar(20) COLLATE utf8_unicode_ci DEFAULT NULL
) ENGINE=MyISAM DEFAULT CHARSET=utf8 COLLATE=utf8_unicode_ci;

--
-- Dumping data for table `room`
--

INSERT INTO `room` (`ROOMCD`, `ROOMNAME`, `ROOMCAPA`, `ROOMBUILD`, `ROOMFLOOR`, `ROOMBRANCH`) VALUES
(11101, 'Innovation', '20', '1', '1', 'Head Office'),
(11102, 'Ruby111', '10', '1', '1', 'Head Office'),
(11103, 'C#', '16', '1', '1', 'Head Office'),
(11104, 'Bash109', '10', '1', '1', 'Head Office'),
(11201, 'Basic', '8', '1', '2', 'Head Office'),
(11202, 'Fortran-include S6n', ',12-16', '1', '2', 'Head Office'),
(11203, 'Pascal', '8', '1', '2', 'Head Office'),
(11204, 'Training1', '36', '1', '2', 'Head Office'),
(11301, 'Cobol', '14', '1', '3', 'Head Office'),
(11302, 'Recreation', '15-20', '1', '3', 'Head Office'),
(12101, 'Python2108', '12', '2', '1', 'Head Office'),
(12102, 'Perl-2103', '8', '2', '1', 'Head Office'),
(12103, 'Auditorium', '100', '2', '1', 'Head Office'),
(12201, 'Ada', '8', '2', '2', 'Head Office'),
(12202, 'Assembly', '8', '2', '2', 'Head Office'),
(12203, 'Java', '16', '2', '2', 'Head Office');

-- --------------------------------------------------------

--
-- Table structure for table `tabledetail`
--

CREATE TABLE `tabledetail` (
  `TBDNO` int(5) NOT NULL,
  `TBDCD` varchar(5) CHARACTER SET utf8 COLLATE utf8_bin NOT NULL,
  `TBDDESC` varchar(40) CHARACTER SET utf8 COLLATE utf8_bin DEFAULT NULL,
  `TBDCREDAT` timestamp(6) NOT NULL DEFAULT CURRENT_TIMESTAMP
) ;

--
-- Dumping data for table `tabledetail`
--

INSERT INTO `tabledetail` (`TBDNO`, `TBDCD`, `TBDDESC`, `TBDCREDAT`, `TBDCREUSR`, `TBDUPDDAT`, `TBDUPDUSR`) VALUES
(100, '1', 'เครื่องคอมพิวเตอร์', '2016-12-13 05:50:27.591999', NULL, '0000-00-00 00:00:00.000000', NULL),
(100, '2', 'เครื่องตกแต่ง', '2016-10-17 04:27:57.954379', NULL, '2016-10-17 04:27:57.954379', NULL),
(100, '3', 'ยานพาหนะ', '2016-10-17 04:27:57.954379', NULL, '2016-10-17 04:27:57.954379', NULL),
(100, '4', 'เครื่องปรับอากาศ', '2016-10-17 04:27:57.954379', NULL, '2016-10-17 04:27:57.954379', NULL),
(101, '1', 'มกราคม', '2016-10-17 04:27:57.954379', NULL, '2016-10-17 04:27:57.954379', NULL),
(101, '10', 'ตุลาคม', '2016-10-17 04:27:57.954379', NULL, '2016-10-17 04:27:57.954379', NULL),
(101, '11', 'พฤศจิกายน', '2016-10-17 04:27:57.954379', NULL, '2016-10-17 04:27:57.954379', NULL),
(101, '12', 'ธันวาคม', '2016-10-17 04:27:57.954379', NULL, '2016-10-17 04:27:57.954379', NULL),
(101, '2', 'กุมภาพันธ์', '2016-10-17 04:27:57.954379', NULL, '2016-10-17 04:27:57.954379', NULL),
(101, '3', 'มีนาคม', '2016-10-17 04:27:57.954379', NULL, '2016-10-17 04:27:57.954379', NULL),
(101, '4', 'เมษายน', '2016-10-17 04:27:57.954379', NULL, '2016-10-17 04:27:57.954379', NULL),
(101, '5', 'พฤษภาคม', '2016-10-17 04:27:57.954379', NULL, '2016-10-17 04:27:57.954379', NULL),
(101, '6', 'มิถุนายน', '2016-10-17 04:27:57.954379', NULL, '2016-10-17 04:27:57.954379', NULL),
(101, '7', 'กรกฎาคม', '2016-10-17 04:27:57.954379', NULL, '2016-10-17 04:27:57.954379', NULL),
(101, '8', 'สิงหาคม', '2016-10-17 04:27:57.954379', NULL, '2016-10-17 04:27:57.954379', NULL),
(101, '9', 'กันยายน', '2016-10-17 04:27:57.954379', NULL, '2016-10-17 04:27:57.954379', NULL),
(102, '1', 'ยังใช้งานอยู่', '0000-00-00 00:00:00.000000', 'admin', '0000-00-00 00:00:00.000000', 'admin'),
(102, '2', 'ตัดจำหน่าย', '0000-00-00 00:00:00.000000', 'admin', '0000-00-00 00:00:00.000000', 'admin'),
(102, '3', 'สูญหาย', '0000-00-00 00:00:00.000000', 'admin', '0000-00-00 00:00:00.000000', 'admin'),
(103, '0', '0', '2016-12-13 10:35:42.266819', NULL, '2016-12-13 10:35:42.266819', NULL);

-- --------------------------------------------------------

--
-- Table structure for table `user`
--

CREATE TABLE `user` (
  `USRID` int(11) NOT NULL,
  `USRNAME` varchar(40) CHARACTER SET utf8 COLLATE utf8_unicode_ci NOT NULL DEFAULT '',
  `USRPASS` varchar(40) CHARACTER SET utf8 COLLATE utf8_unicode_ci NOT NULL DEFAULT '',
  `USRROLE` enum('admin','accountant','other') CHARACTER SET utf8 COLLATE utf8_unicode_ci DEFAULT 'other',
  `USRFNAME` varchar(80) CHARACTER SET utf8 COLLATE utf8_unicode_ci NOT NULL DEFAULT '',
  `USRLNAME` varchar(80) CHARACTER SET utf8 COLLATE utf8_unicode_ci NOT NULL DEFAULT '',
  `USREMAIL` varchar(80) CHARACTER SET utf8 COLLATE utf8_unicode_ci NOT NULL DEFAULT '',
  `USRCREDAT` timestamp(6) NULL DEFAULT CURRENT_TIMESTAMP
) ;

--
-- Dumping data for table `user`
--

INSERT INTO `user` (`USRID`, `USRNAME`, `USRPASS`, `USRROLE`, `USRFNAME`, `USRLNAME`, `USREMAIL`, `USRCREDAT`, `USRUDDAT`) VALUES
(22, 'test', '', 'accountant', 'test', 'test', '', '2016-12-15 14:37:21.995557', '2016-12-15 14:37:21.995557'),
(23, 'admin', 'admin', 'admin', 'ผู้ดูแลระบบ', 'adminitrator', '', '2016-12-13 04:03:59.103185', '2016-12-13 04:03:59.103185'),
(24, 'noey', 'noey_3006', 'admin', 'noeynoey', 'noey', 'its-chulalak_m@internal.ssg', '2016-12-14 17:00:00.000000', '0000-00-00 00:00:00.000000');

--
-- Indexes for dumped tables
--

--
-- Indexes for table `company`
--
ALTER TABLE `company`
  ADD PRIMARY KEY (`CMPCD`);

--
-- Indexes for table `depheader`
--
ALTER TABLE `depheader`
  ADD PRIMARY KEY (`DPHHDR`);

--
-- Indexes for table `room`
--
ALTER TABLE `room`
  ADD PRIMARY KEY (`ROOMCD`);

--
-- AUTO_INCREMENT for dumped tables
--

--
-- AUTO_INCREMENT for table `depdetail`
--
ALTER TABLE `depdetail`
  MODIFY `DEPDTL` int(5) UNSIGNED NOT NULL AUTO_INCREMENT COMMENT 'Depreciation Detail ID';
--
-- AUTO_INCREMENT for table `depheader`
--
ALTER TABLE `depheader`
  MODIFY `DPHHDR` int(6) NOT NULL AUTO_INCREMENT, AUTO_INCREMENT=31;
--
-- AUTO_INCREMENT for table `durablearticles`
--
ALTER TABLE `durablearticles`
  MODIFY `DRAID` int(5) UNSIGNED NOT NULL AUTO_INCREMENT;
--
-- AUTO_INCREMENT for table `room`
--
ALTER TABLE `room`
  MODIFY `ROOMCD` int(5) UNSIGNED NOT NULL AUTO_INCREMENT, AUTO_INCREMENT=12204;
--
-- AUTO_INCREMENT for table `tabledetail`
--
ALTER TABLE `tabledetail`
  MODIFY `TBDNO` int(5) NOT NULL AUTO_INCREMENT;
--
-- AUTO_INCREMENT for table `user`
--
ALTER TABLE `user`
  MODIFY `USRID` int(11) NOT NULL AUTO_INCREMENT;
/*!40101 SET CHARACTER_SET_CLIENT=@OLD_CHARACTER_SET_CLIENT */;
/*!40101 SET CHARACTER_SET_RESULTS=@OLD_CHARACTER_SET_RESULTS */;
/*!40101 SET COLLATION_CONNECTION=@OLD_COLLATION_CONNECTION */;
